date,Japan,South Korea,United States of America,China,Germany,United Kingdom,France,Russia
2021/1/31,,,,,,,,
2021/2/4,248703.69,,,,,,,
2021/2/5,608320.36,,,,,,,
2021/2/6,905462.11,,,,,,,
2021/2/7,909068.36,,,,,,,
2021/2/8,738923.47,,,,,,,
2021/2/9,733415.29,,,,,,,
2021/2/10,769564.39,,,,,,,
2021/2/11,834318.42,,,,,,,
2021/2/12,993220.27,,,,,,,
2021/2/13,987949.06,,,,,,,
2021/2/14,666282.92,,,,,,,
2021/2/15,605374.01,,,,,,,
2021/2/16,461375.87,,,,,,,
2021/2/17,431260.79,,,,,,,
2021/2/18,416738.92,,,,,,,
2021/2/19,336108.06,,,,,,,
2021/2/20,269994.44,,,,,,,
2021/2/21,225157.41,,,,,,,
2021/2/22,203731.39,,,,,,,
2021/2/23,187606.2,,,,,,,
2021/2/24,157073.99,,,,,,,
2021/2/25,272563.19,,,,,,,
2021/2/26,621989.46,,,,,,,
2021/2/27,432296.21,,,,,,,
2021/2/28,443427.57,,,,,,,
2021/3/1,450933.04,,,,,,,
2021/3/2,276159.46,,,,,,,
2021/3/3,224123.34,,,,,,,
2021/3/4,199495.91,,,,,,,
2021/3/5,218476.64,,,,,,,
2021/3/6,241535.64,,,,,,,
2021/3/7,198325.02,,,,,,,
2021/3/8,183017.83,,,,,,,
2021/3/9,153200.92,,,,,,,
2021/3/10,127378.55,,,,,,,
2021/3/11,177236.21,,,,,,,
2021/3/12,187942.3,,,,,,,
2021/3/13,149567.88,,,,,,,
2021/3/14,129182.36,,,,,,,
2021/3/15,85194.8,,,,,,,
2021/3/16,94350.17,,,,,,,
2021/3/17,90622.85,,,,,,,
2021/3/18,127398.63,,,,,,,
2021/3/19,115325.03,,,,,,,
2021/3/20,101427.14,,,,,,,
2021/3/21,70299.32,,,,,,,
2021/3/22,60287.31,,,,,,,
2021/3/23,53736.88,,,,,,,
2021/3/24,108790.14,,,,,,,
2021/3/25,265514.44,,,,,,,
2021/3/26,300621.18,,,,,,,
2021/3/27,231655.49,,,,,,,
2021/3/28,183936.86,,,,,,,
2021/3/29,121210.32,,,,,,,
2021/3/30,91132.7,,,,,,,
2021/3/31,68107.31,,,,,,,
2021/4/1,74671.41,,,,,,,
2021/4/2,52615.06,,,,,,,
2021/4/3,42234.3,,,,,,,
2021/4/4,37484.32,,,,,,,
2021/4/5,33620.42,,,,,,,
2021/4/6,36832.04,,,,,,,
2021/4/7,39228.9,,,,,,,
2021/4/8,132666.94,,,,,,,
2021/4/9,183309.71,,,,,,,
2021/4/10,167472.92,,,,,,,
2021/4/11,137601.36,,,,,,,
2021/4/12,110572.96,,,,,,,
2021/4/13,121604.78,,,,,,,
2021/4/14,60201.05,,,,,,,
2021/4/15,45562.89,,,,,,,
2021/4/16,44335.09,,,,,,,
2021/4/17,37778.01,,,,,,,
2021/4/18,29712.63,,,,,,,
2021/4/19,31509.31,,,,,,,
2021/4/20,29517.22,,,,,,,
2021/4/21,32798.05,,,,,,,
2021/4/22,55787.98,,,,,,,
2021/4/23,66522.96,,,,,,,
2021/4/24,52867.49,,,,,,,
2021/4/25,38392.13,,,,,,,
2021/4/26,26298.12,,,,,,,
2021/4/27,23658.7,,,,,,,
2021/4/28,68949.5,,,,,,,
2021/4/29,145484.38,,,,,,,
2021/4/30,300383.17,,,,,,,
2021/5/1,300519.5,,,,,,,
2021/5/2,123987.65,,,,,,,
2021/5/3,96915.1,,,,,,,
2021/5/4,82289.77,,,,,,,
2021/5/5,40372.75,,,,,,,
2021/5/6,27012.37,,,,,,,
2021/5/7,28503.55,,,,,,,
2021/5/8,30349.65,,,,,,,
2021/5/9,28077.36,,,,,,,
2021/5/10,26986.22,,,,,,,
2021/5/11,23812.71,,,,,,,
2021/5/12,25428.19,,,,,,,
2021/5/13,42983.17,,,,,,,
2021/5/14,68513.75,,,,,,,
2021/5/15,85427.27,,,,,,,
2021/5/16,52986.76,,,,,,,
2021/5/17,43266.07,,,,,,,
2021/5/18,35113.14,,,,,,,
2021/5/19,39014.43,,,,,,,
2021/5/20,22402.08,,,,,,,
2021/5/21,20522.96,,,,,,,
2021/5/22,19421.52,,,,,,,
2021/5/23,16162.62,,,,,,,
2021/5/24,15414.61,,,,,,,
2021/5/25,16284.6,,,,,,,
2021/5/26,55253.65,,,,,,,
2021/5/27,78792.63,,,,,,,
2021/5/28,245045.76,,,,,,,
2021/5/29,159274.45,,,,,,,
2021/5/30,116250.57,,,,,,,
2021/5/31,142529.95,,,,,,,
2021/6/1,192391.66,,,,,,,
2021/6/2,68383.35,,,,,,,
2021/6/3,67634.62,,,,,,,
2021/6/4,60423.31,,,,,,,
2021/6/5,60208.04,,,,,,,
2021/6/6,50470.55,,,,,,,
2021/6/7,23701.09,,,,,,,
2021/6/8,24137.88,,,,,,,
2021/6/9,58204.69,,,,,,,
2021/6/10,156574.55,,,,,,,
2021/6/11,172312.78,,,,,,,
2021/6/12,90986.01,,,,,,,
2021/6/13,55361.3,,,,,,,
2021/6/14,63895.41,,,,,,,
2021/6/15,56534.4,,,,,,,
2021/6/16,27254.48,,,,,,,
2021/6/17,18592.86,,,,,,,
2021/6/18,21330.62,,,,,,,
2021/6/19,20248.69,,,,,,,
2021/6/20,17122.78,,,,,,,
2021/6/21,17873,,,,,,,
2021/6/22,17423.48,,,,,,,
2021/6/23,18566.39,,,,,,,
2021/6/24,21282.55,,,,,,,
2021/6/25,26400,,,,,,,
2021/6/26,22855.79,,,,,,,
2021/6/27,22446.83,,,,,,,
2021/6/28,17908.13,,,,,,,
2021/6/29,83507.9,,,,,,,
2021/6/30,334588.21,,,,,,,
2021/7/1,538285.01,,,,,,,
2021/7/2,368214.76,,,,,,,
2021/7/3,252404.31,,,,,,,
2021/7/4,176164.48,,,,,,,
2021/7/5,160040.88,,,,,,,
2021/7/6,74730.48,,,,,,,
2021/7/7,52361.88,,,,,,,
2021/7/8,54294.62,,,,,,,
2021/7/9,63557.18,,,,,,,
2021/7/10,52529.76,,,,,,,
2021/7/11,44273.8,,,,,,,
2021/7/12,41599.02,,,,,,,
2021/7/13,40333.59,,,,,,,
2021/7/14,81193.45,,,,,,,
2021/7/15,169872.82,,,,,,,
2021/7/16,165701.76,,,,,,,
2021/7/17,98260.38,,,,,,,
2021/7/18,64497.19,,,,,,,
2021/7/19,55285.26,,,,,,,
2021/7/20,52799.98,,,,,,,
2021/7/21,23812.01,,,,,,,
2021/7/22,21985.86,,,,,,,
2021/7/23,23999.68,,,,,,,
2021/7/24,25267.57,,,,,,,
2021/7/25,28675.65,,,,,,,
2021/7/26,26199.88,,,,,,,
2021/7/27,29373.02,,,,,,,
2021/7/28,189103.55,,,,,,,
2021/7/29,700944.97,,,,,,,
2021/7/30,823299.84,,,,,,,
2021/7/31,672984.86,,,,,,,
2021/8/1,956432.03,,,,,,,
2021/8/2,635137.36,,,,,,,
2021/8/3,540110.94,,,,,,,
2021/8/4,154632.3,,,,,,,
2021/8/5,147869.16,,,,,,,
2021/8/6,110940.69,,,,,,,
2021/8/7,94212.31,,,,,,,
2021/8/8,88477.2,,,,,,,
2021/8/9,86861.33,,,,,,,
2021/8/10,105630.78,,,,,,,
2021/8/11,123593.07,,,,,,,
2021/8/12,188414.49,,,,,,,
2021/8/13,196207.6,,,,,,,
2021/8/14,103055.1,,,,,,,
2021/8/15,100883.87,,,,,,,
2021/8/16,76747.21,,,,,,,
2021/8/17,54276.83,,,,,,,
2021/8/18,32724.43,,,,,,,
2021/8/19,30962.78,,,,,,,
2021/8/20,28633.11,,,,,,,
2021/8/21,26189.5,,,,,,,
2021/8/22,25078.44,,,,,,,
2021/8/23,23213.1,,,,,,,
2021/8/24,23136.92,,,,,,,
2021/8/25,37792.16,,,,,,,
2021/8/26,63918.34,,,,,,,
2021/8/27,57539.91,,,,,,,
2021/8/28,106061.45,,,,,,,
2021/8/29,85342.43,,,,,,,
2021/8/30,65499.57,,,,,,,
2021/8/31,62942.32,,,,,,,
2021/9/1,74084.89,,,,,,,
2021/9/2,37114.13,,,,,,,
2021/9/3,28244.28,,,,,,,
2021/9/4,26696.56,,,,,,,
2021/9/5,24074.79,,,,,,,
2021/9/6,17024.17,,,,,,,
2021/9/7,14066.28,,,,,,,
2021/9/8,15798.68,,,,,,,
2021/9/9,55398.08,,,,,,,
2021/9/10,72596.66,,,,,,,
2021/9/11,37177.18,,,,,,,
2021/9/12,23668.86,,,,,,,
2021/9/13,16832.16,,,,,,,
2021/9/14,14821.97,,,,,,,
2021/9/15,14467.9,,,,,,,
2021/9/16,16196.52,,,,,,,
2021/9/17,17809.73,,,,,,,
2021/9/18,14518.7,,,,,,,
2021/9/19,12642.81,,,,,,,
2021/9/20,13579.02,,,,,,,
2021/9/21,8887.57,,,,,,,
2021/9/22,12104.48,,,,,,,
2021/9/23,27289.46,,,,,,,
2021/9/24,24668.28,,,,,,,
2021/9/25,26297.12,,,,,,,
2021/9/26,23044.74,,,,,,,
2021/9/27,18057.87,,,,,,,
2021/9/28,27467.7,,,,,,,
2021/9/29,142418.43,,,,,,,
2021/9/30,226322.75,,,,,,,
2021/10/1,252233.12,,,,,,,
2021/10/2,97116.57,,,,,,,
2021/10/3,70815.66,,,,,,,
2021/10/4,60487.92,,,,,,,
2021/10/5,50904.7,,,,,,,
2021/10/6,58543.31,,,,,,,
2021/10/7,61708.94,,,,,,,
2021/10/8,62473.92,,,,,,,
2021/10/9,61188.04,,,,,,,
2021/10/10,68352.66,,,,,,,
2021/10/11,134389.96,,,,,,,
2021/10/12,268074.11,,,,,,,
2021/10/13,251139.29,,,,,,,
2021/10/14,183343.24,,,,,,,
2021/10/15,142312.38,,,,,,,
2021/10/16,147805.88,,,,,,,
2021/10/17,100839.21,,,,,,,
2021/10/18,70785.08,,,,,,,
2021/10/19,51272.83,,,,,,,
2021/10/20,44377.05,,,,,,,
2021/10/21,34730.01,,,,,,,
2021/10/22,35392.91,,,,,,,
2021/10/23,35473.87,,,,,,,
2021/10/24,37431.23,,,,,,,
2021/10/25,101452.62,,,,,,,
2021/10/26,60636.06,,,,,,,
2021/10/27,123392.66,,,,,,,
2021/10/28,161025.88,,,,,,,
2021/10/29,104624.17,,,,,,,
2021/10/30,83058.59,,,,,,,
2021/10/31,110872.58,,,,,,,
2021/11/1,132785.19,,,,,,,
2021/11/2,136352.08,,,,,,,
2021/11/3,285143.57,,,,,,,
2021/11/4,286971.47,,,,,,,
2021/11/5,216439.08,,,,,,,
2021/11/6,148082.56,,,,,,,
2021/11/7,149002.67,,,,,,,
2021/11/8,110186.96,150175.97,81595.37,,1168.64,550.17,1214.6,291.42
2021/11/9,52522.51,270945.31,118235.82,,1997.49,2209.97,1646.01,403.31
2021/11/10,44442.48,190947.97,120362.87,,3542.27,3038.32,2764.85,620.47
2021/11/11,46207.57,237269.34,137214.53,,4097.28,3773.99,4003.38,767.67
2021/11/12,39883.31,406751.8,125618.71,,5874.31,5844.44,4528.12,872.26
2021/11/13,40537.94,345879.82,120652.92,,6246.03,5510.04,4258.56,982.93
2021/11/14,35362.62,304914.27,120584.59,,6619.5,6274.39,4667.26,832.65
2021/11/15,36059.88,270807.73,96486.72,,4523.96,5360.06,3167.26,774.53
2021/11/16,61848.24,251225.38,115447.44,,4546.89,5466.29,3503.45,668.49
2021/11/17,174578.87,250768.85,107329.33,,3854.02,4089.81,3072.76,603.75
2021/11/18,201604.97,258338.95,90780.84,,3581.9,4050.98,2992.06,546.02
2021/11/19,126166.15,222149.58,82443.11,,2998.32,4221.91,2494.18,742.73
2021/11/20,95441.52,238090.74,80222.15,,3461.22,3600.39,2346.07,630.24
2021/11/21,80137.07,196909.8,77081.63,,2314.4,2758.2,1816.56,353.91
2021/11/22,57746.52,116173.55,58948.22,,1826.58,1935.34,1068.34,395.07
2021/11/23,50530.88,87996.25,33890.81,,1469.3,1810.24,869.43,282.8
2021/11/24,24708.49,76591.93,40822.96,,1384.83,1340.94,692.76,261.3
2021/11/25,30826.19,83973.87,38666.71,,1220.69,1250.15,563.9,303.96
2021/11/26,35362.36,77147.92,42972.46,,1743.76,1525.71,766.39,438.13
2021/11/27,29409.48,78220.51,36640.96,,1379.81,1199.7,753.58,275.77
2021/11/28,28261.82,140336.69,55255.23,,1564.81,1269.94,915.54,230.49
2021/11/29,52137.33,196028.25,71742.61,,2995.54,1749.98,1147.62,374.65
2021/11/30,119665.65,224837.23,69663.17,,2282.37,1822.06,1242.28,300.07
2021/12/1,259878.24,257967.69,69297.82,,2885.94,1956.87,1623.65,275.68
2021/12/2,127218.58,232526.23,61912.42,,2409.3,1835.64,1792.19,272.69
2021/12/3,95410.8,185061.52,74852.29,,2286.53,2266.73,1795.94,347.76
2021/12/4,77151.82,202497.9,72865.93,,2325.31,2026.59,1712.54,358.69
2021/12/5,67782.1,204492.22,68288.38,,2096.56,1791.42,1709.16,305.61
2021/12/6,42856.9,82575.58,31578.47,,1080.18,1619.58,873,212.28
2021/12/7,32111.15,81253.29,28448.97,,905.94,989.49,719.74,169.7
2021/12/8,32636.62,82523.22,30260.33,,966.28,900.93,730.19,182.26
2021/12/9,30624.13,69884.46,29008.59,,881.51,889.11,656.3,183.9
2021/12/10,35577.11,62483.25,25957,,971.32,895.49,588.23,180.97
2021/12/11,25388.27,60879.28,24854.8,,807.26,902.65,468.55,159.75
2021/12/12,20253.65,48098.72,21358.83,,684.75,757.14,488.05,138.37
2021/12/13,18163.1,69416.12,23614.54,,791.69,709.28,675.71,295.68
2021/12/14,23569.98,118746.44,39760.9,,1577.31,1032.11,766.34,237.52
2021/12/15,54539.79,122908.75,41572.9,,1398.5,1018.14,879.15,205.36
2021/12/16,78899.6,112869.46,34230.21,,1221.61,872.49,793.63,183.43
2021/12/17,50769.06,89864.44,36751.35,,1262.8,888.73,906.15,837.44
2021/12/18,37757.9,95921.22,34244,,1295.97,868.41,885.51,362.99
2021/12/19,33578.2,95465.72,31376.94,,1114.84,695.09,770.36,234.4
2021/12/20,28845.27,35214.71,16998.84,,920.36,527.29,513.77,248.73
2021/12/21,15397.53,33902.11,18209.62,,644.8,380.43,294.19,154.33
2021/12/22,12062.17,31034.67,14738.66,,571.2,320.29,212.73,157.76
2021/12/23,14729.56,32199.1,17027.17,,550.93,341.35,223.24,89.78
2021/12/24,20901.48,34676.58,18396.89,,594.43,466.25,231.36,75.2
2021/12/25,18842.68,28991.92,14700.51,,634.24,346,251.72,68.49
2021/12/26,16855.3,31462.13,16144.02,,703.67,418.59,292.69,67
2021/12/27,18190.69,53903.38,25470.02,,883.75,477.45,347.49,89.99
2021/12/28,77067.38,100398.62,47232.7,,1736.13,649.73,549.44,271.7
2021/12/29,181714.8,94032.2,30734.38,,1473.34,619.99,538.37,240.81
2021/12/30,257905.02,82084.78,33615.99,,1747.77,609.85,505.55,164.1
2021/12/31,312094.72,116240.1,34645.1,,1363.71,745.55,580.68,162.98
2022/1/1,281216.94,143666.28,33192.82,,1383.44,734.73,706.18,130.23
2022/1/2,163686.06,73914.92,28754.39,,1378.14,721.5,634.97,151.12
2022/1/3,149140.96,43473.82,16663.72,,1130.25,582.19,481.63,127.87
2022/1/4,92827.23,33752.31,12856.33,,889.16,395.63,440.58,76.79
2022/1/5,53890.9,28906.22,14089.08,,850.33,407.28,399.93,93.17
2022/1/6,58633.59,31976.24,14221.28,,673.05,401.5,403.54,120.43
2022/1/7,68407.34,30618.34,14380.87,,665.55,420.29,386.05,142.48
2022/1/8,53408.55,30993.06,13498.15,,690.16,323.58,433.55,148.06
2022/1/9,52122.69,30226.18,11653.5,,666.39,309.29,455.42,130.24
2022/1/10,52171.8,66904.93,20491.17,,751.01,394.13,413.36,129.04
2022/1/11,74307.07,93345.53,30053.2,,1067.74,605.54,433.16,166.93
2022/1/12,95095.52,88342.84,27101.61,,1273.13,727.26,516.44,212.62
2022/1/13,100975.82,67934.8,23571.61,,1113.4,698.17,561.87,220.07
2022/1/14,68054.64,74741.3,25705.22,,1175.06,838.99,615.15,230.69
2022/1/15,54698.19,80080.3,25816.33,,1282.47,1012.41,651.1,249.15
2022/1/16,43798.56,59233.69,24902.67,,1043.26,872.45,597.42,222.1
2022/1/17,32094.98,27477.59,13379.1,,576.24,537.11,362.22,177.15
2022/1/18,17662.74,27029.43,10790.48,,362.42,370.39,322.34,155.49
2022/1/19,15656.8,18549.35,10788.47,,366.45,305,296.82,122.28
2022/1/20,15426.78,18431.92,11524.25,,167.22,313.51,250.95,123.31
2022/1/21,34371.86,19802.94,12325.4,,201.13,335.91,258.59,147.05
2022/1/22,44693.92,17390.53,10772.13,,200.2,312.82,237.69,156.68
2022/1/23,42319.12,28596.26,13969.24,,339.43,412.53,352.41,122.2
2022/1/24,55306.3,73158,19481.86,,619.6,526.59,366.75,171.97
2022/1/25,377218.26,129016.23,47650.37,,1429.67,1038.22,748.15,373.01
2022/1/26,559524.9,94255.84,46295.56,,1438.17,1197.26,778.07,325.37
2022/1/27,661814.52,98252.65,39162.83,,1291.01,1144.21,705.92,319.09
2022/1/28,639018.19,101299.24,39377.92,,1433.43,1309.57,765.01,383.62
2022/1/29,638985.83,105049.8,40262.79,,1530.66,1260.42,797.56,340.68
2022/1/30,669963.16,76210.38,29727.26,,1320.57,1155.92,799.69,320.29
2022/1/31,1015651.86,101623.93,26428.46,,1272.61,996.64,676.36,280.54
2022/2/1,1017012.01,56987.54,20925.11,,605.56,508.44,392.1,152.71
2022/2/2,346407.66,43650.91,14353.29,,555.74,401.17,332.56,122.99
2022/2/3,293756.9,35958.96,14350.33,,553.3,444.47,284.86,110.79
2022/2/4,232834.59,34474.23,15431.14,,461.53,397.12,308.42,138.31
2022/2/5,138569.68,32559.72,15573.35,,472.8,453.49,319.36,90.76
2022/2/6,117076.77,31979.47,14128.06,,278.86,403.4,398.47,67.79
2022/2/7,86732.97,48477.32,19376.61,,508.2,477.52,314.58,109.03
2022/2/8,91567.49,87109.04,30269.47,,818.25,998.35,487.51,212.33
2022/2/9,127077.81,70947.43,25988.55,,826.24,800.16,428.47,207.31
2022/2/10,196861.57,79170.5,24891.7,,995.13,723.91,410.42,216.26
2022/2/11,149827.66,66371.33,24978.17,,1022.54,867.75,411.88,232.42
2022/2/12,106678.27,68001.78,25584.42,,1119.75,762.23,416.02,251.44
2022/2/13,84055.34,53846.45,24117.38,,1036.82,676.32,412.74,198.24
2022/2/14,89385.75,29782.18,11822.38,,625.09,388.16,301.67,159.34
2022/2/15,95847.68,23518.57,11469.4,,493.79,264.84,187.83,117.86
2022/2/16,78757.75,25851.96,9559.38,,450.9,256.34,202.13,114.98
2022/2/17,91333.43,19502.58,9285.26,,400.87,359.27,179.83,89.64
2022/2/18,66784.22,17765.61,9684.97,,395.8,335.5,159.81,54.85
2022/2/19,51033.31,18247.73,10056.66,,235.1,311.19,189.62,57.88
2022/2/20,47955.94,19600.69,10221.89,,234.51,257.22,188.29,37.43
2022/2/21,41708.1,19204.21,14601.09,,234.61,216.85,86.51,32.05
2022/2/22,97806.56,183249.01,51846.19,,1490.68,663.16,551.21,310.08
2022/2/23,290139.93,110961.08,46913.63,,1411.52,721.15,688.76,366.92
2022/2/24,268945.59,94826.97,42905.03,,1250.15,828.85,745.38,223.95
2022/2/25,259403.2,104320.03,47331.19,,1356.89,1212.51,1018.73,227.57
2022/2/26,200198.05,103415.33,42512.48,,1480.55,1183,1039.1,238.61
2022/2/27,158195.13,98511.53,40776.79,,1281.11,1076.19,998.1,216.37
2022/2/28,222941.72,117309.77,19657.45,,887.88,863.5,733.09,166.16
2022/3/1,312433.47,66670.72,22176.05,,789.15,558.17,648.68,87.72
2022/3/2,161062.71,52918.8,21753.79,,678.26,492.31,592.01,85.4
2022/3/3,67424.55,37475.13,21406.2,,586.95,395.28,488.4,72.4
2022/3/4,53314.81,40140.33,22777.07,,554.05,375.28,438.42,73.09
2022/3/5,44927.28,43125.26,21087.45,,558.34,352.19,437.76,103.48
2022/3/6,38441.25,39166.14,19103.75,,489.9,351.16,407.72,133.29
2022/3/7,28928.48,35188.03,16599.76,,493.54,297.78,376.65,129.03
2022/3/8,28168.99,36184.16,19263.35,,569.44,267.88,438.58,105.69
2022/3/9,88739.32,37386.8,17222.1,,627.95,273.56,433.31,97.71
2022/3/10,121831.33,34617.99,16989.56,,561.86,385.02,353.36,62.21
2022/3/11,69508.53,32420.58,13954.22,,465.84,378.47,366.09,2.2
2022/3/12,56832.34,31520.57,16993.23,,592.76,490.4,417.71,12.94
2022/3/13,42696.19,28331.3,14022.95,,558.26,416.87,436.49,7.25
2022/3/14,40209.81,15172.27,7339.38,,419.37,332.17,279.85,4.22
2022/3/15,29275,15942.13,6915.21,,410.85,305.23,239.99,3.37
2022/3/16,56212.87,16617.81,7016.22,,348.57,275.36,260.91,3.54
2022/3/17,42587.96,16877.04,7234.34,,218.15,263.19,204.56,2.69
2022/3/18,38421.5,18148.42,7962.82,,215.07,311.61,219.53,2.2
2022/3/19,30640.78,17446.33,8843.17,,218.74,179.5,111.28,1.05
2022/3/20,24628.66,16203.66,8846.39,,172.96,286.98,176.26,21.13
2022/3/21,24158.12,17244.2,15094.12,,169.01,264.52,161.77,2.7
2022/3/22,32762.38,106626.18,56135.69,,1413.59,937.71,664.42,2.66
2022/3/23,85900.53,91584.59,49935.09,,1413.67,920.33,582.65,1.96
2022/3/24,100373.19,76596.86,46185.13,,1619.34,930.9,648.71,1.05
2022/3/25,112174.75,81059.02,46328.06,,1816.84,988.33,723.4,1.32
2022/3/26,92784.45,81999.36,43998.31,,1864.27,915.01,867.85,1.48
2022/3/27,74707.44,75283.43,40074.69,,1614.08,910.81,770.31,1
2022/3/28,60933.25,32784.44,28712.91,,1598.14,621.54,533.07,3.3
2022/3/29,51235.75,30483.2,18798.47,,713.05,401.29,366.54,4.34
2022/3/30,30355.48,24934.81,16387.01,,579.37,391.56,451.26,97.04
2022/3/31,53178.58,37870.51,19160.72,,695.23,456.87,347.91,57
2022/4/1,75929.31,47465.82,25487.5,,715.16,529.49,411.64,48.03
2022/4/2,47941.43,34994.54,21736.88,,672.42,506.79,585.79,5.55
2022/4/3,36730.86,32737.26,19941.5,,708.73,512.3,524.4,4.33
2022/4/4,34227.88,34481.32,20976.64,,888.19,513.35,379.88,3.32
2022/4/5,41513.33,39311.66,26247.97,,905.67,826.6,387.49,9.31
2022/4/6,106712.42,30255.5,22164.06,,944.87,768.76,357.43,19.92
2022/4/7,119476.22,30197.24,19584.46,,852.56,695.08,327.91,7.03
2022/4/8,72397.23,32792.6,20455.53,,989.7,706.74,342.38,6.86
2022/4/9,50732.05,30415.01,17194.64,,1058.64,666.4,318.55,5.34
2022/4/10,45131.53,21868.01,14065.91,,928.48,565.79,249.37,4.59
2022/4/11,35639.26,18753.23,11736.34,,770.47,524.24,237.32,3.99
2022/4/12,30923.05,13442.31,11947.05,,597.12,385.34,104.02,2.55
2022/4/13,30767.51,14488.16,6612.85,,581.81,377.48,160.43,17.39
2022/4/14,41176.74,17140.21,8072.73,,643.96,444.85,146.04,17.03
2022/4/15,52451.15,16872.81,9705.45,,739.77,454.04,145.62,7.72
2022/4/16,59385.65,15518.78,9841.04,,690.15,359.21,166.13,6.86
2022/4/17,41023.31,14128.44,8756.52,,638.83,365.4,171.22,5.69
2022/4/18,42593.95,12896.54,10324.27,,620.85,326.4,230.56,5.75
2022/4/19,45675.94,31734.86,15614.53,,675.95,697.27,304.88,5.46
2022/4/20,120452.71,18912.7,14342.38,,557.97,575.96,254.01,5.02
2022/4/21,146373.23,18205.42,11051.15,,614.54,480.68,185.94,5.37
2022/4/22,115838.94,14739.33,12058.7,,591.19,386.5,146.77,10.32
2022/4/23,98011.63,14576.81,10116.46,,670.15,405.94,176.35,13.34
2022/4/24,101117.24,14479.59,9497.29,,615.18,385.28,254.23,7.05
2022/4/25,97102.84,12928.43,8442.6,,551.34,300.94,182.16,17.33
2022/4/26,105792.12,11567.83,9065.35,,584.73,552.32,169.08,16.4
2022/4/27,176442.91,11746.02,8829.82,,575.84,420.39,182.11,7.51
2022/4/28,217504.82,11712.1,8826.72,,681.2,419.45,214.47,4.73
2022/4/29,129322.11,12294.98,10854.29,,868.53,430,197.23,7.89
2022/4/30,166534.98,17274.75,12477.17,,867.7,513.73,215.5,14.9
2022/5/1,222515.86,23616.49,12446.99,,996.34,455.78,219.41,38.48
2022/5/2,133514.03,15246.7,17787.65,,824.24,467.13,234.27,25.14
2022/5/3,90764.97,112337.23,66493.25,,2997.38,2525.93,1194.37,143.72
2022/5/4,58904.7,79839.74,57989.85,,3668.97,2310.05,1083.93,266.62
2022/5/5,60883.26,73674.62,57110,,3273.67,2223.09,1007.76,98.52
2022/5/6,72935.12,71103.27,62790.89,,4595.03,2316.92,1153.2,26.83
2022/5/7,56972.14,80221.35,65936.77,,4234.03,1986.23,1009.42,18.33
2022/5/8,47931.52,64673.51,65147.06,,4160.94,2084.37,1170.13,27.32
2022/5/9,44155.59,61984.67,50289.52,,3726.09,2121.04,861.26,17.34
2022/5/10,51618.08,37022.3,29707,,1769.61,1074.31,473.5,46.43
2022/5/11,108325.6,32360.93,32205.34,,1649.6,1069.63,447.9,40.59
2022/5/12,96016.58,28809.63,33545.63,,1782.45,953.99,469.37,14.49
2022/5/13,81108.62,29413.46,29352.75,,1792.83,887.27,478.81,34.72
2022/5/14,60887.38,32328.07,26957.72,,1773.75,688.54,406.91,14
2022/5/15,49711.77,29978.46,26954.84,,1559.72,715.74,416.49,17.14
2022/5/16,41819.58,30484.92,29896.27,,1570.24,657.65,407.74,21.5
2022/5/17,38751.66,51168.76,43564.04,,1981.89,1082.1,637.19,78.95
2022/5/18,34554.44,39462.69,38499.57,,1848.46,920.69,486.53,60.2
2022/5/19,37096.18,38639.45,33263.12,,1902.8,876.16,479.24,92.26
2022/5/20,21795.08,29432.64,31663.42,,1953.56,994.83,465.52,61.62
2022/5/21,21050.89,25955.49,29349.92,,1736.5,937.61,424.48,30.62
2022/5/22,19921.64,20623.84,24904.77,,1535.08,731.95,440.6,13.22
2022/5/23,26554.4,17629.41,16751.55,,820.84,573.22,165.79,10.55
2022/5/24,150636.2,11913.3,14351.9,,646.32,495.33,173.5,13.27
2022/5/25,260882.51,12446.91,14150.65,,710.91,529.61,151.99,15.01
2022/5/26,185882.91,13014.61,14130.56,,741.8,504.82,150.51,8.86
2022/5/27,168431.82,14033.46,13303.9,,717.59,793.18,190.01,9.11
2022/5/28,151961.8,11970.2,13621.06,,653.74,632.87,249.49,7.91
2022/5/29,130085.7,11761.11,12904.94,,683.65,584.67,227.16,5.78
2022/5/30,108903.57,12317.79,14010.95,,566.5,512.29,226.17,6.59
2022/5/31,171805.51,29400.17,22311.55,,623.49,1156.86,237.18,8.82
2022/6/1,123508.33,48866.5,22869.92,,1059.16,987.75,365.61,81.21
2022/6/2,61225.37,27864.31,18157.3,,877.41,633.43,281.51,47.52
2022/6/3,54930.62,26870.78,18264.18,,886.08,556.44,322.9,26.69
2022/6/4,43879.26,21237.61,15877.32,,902.64,658.48,308.77,15.2
2022/6/5,35700.36,22282.37,13930.02,,850.54,528.27,324.07,13.52
2022/6/6,36786.82,14883.8,7664.17,,662.32,380.5,248.85,14.59
2022/6/7,37294.74,13282.14,8878.28,,544.44,320.22,87.36,7.69
2022/6/8,246210.15,10141.44,8435.97,,467.29,315.13,80.89,7.15
2022/6/9,294240.96,11561.12,8519.06,,421.73,397.22,47.72,10.08
2022/6/10,231642.01,13875.43,9595.38,,392.62,370.6,58.39,12.5
2022/6/11,204072.11,12975.07,8357.24,,372.67,313.09,72.56,13.12
2022/6/12,146159.71,12913.41,7512.03,,341.48,302.34,83.24,13.12
2022/6/13,117360.2,11140.06,10094.42,,325.75,297.26,42.41,59.41
2022/6/14,45527.9,34826.17,27669.63,,1045.9,827.89,311.74,35.76
2022/6/15,46772.17,23996.84,18552.64,,1050.65,729.37,210.5,28.54
2022/6/16,46413.35,20038.16,18083.5,,1181.31,653.67,207.14,25.98
2022/6/17,46498.69,17612.33,19355.44,,1214.57,630.12,236.2,20.41
2022/6/18,48177.57,18319.29,20775.7,,1213.5,610.51,281.87,12.78
2022/6/19,40189.83,16915.65,18790.8,,1411.22,608.13,280.23,11.5
2022/6/20,46575.09,12752.53,13088.32,,1252.61,495.27,239.28,8.74
2022/6/21,49279.69,10776.57,11258.33,,910.21,371.76,209.18,6.03
2022/6/22,285406.52,9953.06,11962.17,,955.45,484.63,238.53,23.85
2022/6/23,463952.82,10135.26,10172.03,,739.1,386.16,194.85,22.1
2022/6/24,359153.43,11145.37,12498.56,,753.96,402.77,196.54,11.9
2022/6/25,354429.99,11550.42,12246.04,,694.59,386.27,203.87,10.82
2022/6/26,292229.77,10448.37,11678.24,,701.66,363.66,275.96,12.44
2022/6/27,244621.96,10452.21,13974.26,,580,373.67,186.53,11.07
2022/6/28,202809.24,69583.78,33487.78,,1215.75,1303.09,361.29,30.7
2022/6/29,87133.76,45793.05,30732.16,,1562.88,1158.4,491.01,57.05
2022/6/30,179876.35,44055.75,32565.86,,1396.84,1136.8,526.62,43.12
2022/7/1,194547.02,55531.23,33521.95,,1566.99,910.08,641.8,23.18
2022/7/2,114770.92,41269.44,24804.49,,1312.36,856.47,483.96,147.55
2022/7/3,94746.82,33368.05,20148,,1201.32,777.46,514.02,63.98
2022/7/4,99829.46,15864.31,11407.85,,922.82,534.24,325.09,39.5
2022/7/5,110572.29,15334.7,10572.01,,666.84,379.87,263.31,49.12
2022/7/6,100744.98,13656.6,9772.04,,594.44,360.14,204.96,23.67
2022/7/7,99427.6,13671.54,8897.63,,736.03,347.63,190.88,46.81
2022/7/8,68877.37,14744.5,9860.38,,707.01,426.73,87.49,29.83
2022/7/9,63971.6,15688.2,9931.03,,773.79,393.78,164.28,18.07
2022/7/10,37580.99,14959.51,10423.1,,679.89,464.68,141.05,17.32
2022/7/11,27194.97,17232.44,13943.32,,729.26,530.47,226.2,22.48
2022/7/12,17169.84,28046.5,19491.08,,1103.56,1060.24,332.86,23.1
2022/7/13,19297.94,22622.18,15035.64,,1008.37,664.22,223.42,25.51
2022/7/14,22961.45,17021.17,14588.9,,1112.88,564.06,259.9,19.98
2022/7/15,39003.44,15859.44,15510.1,,1108.9,539.67,225.03,16.11
2022/7/16,57596.78,14716.46,13904.89,,1146,543.06,243.63,16.76
2022/7/17,87657.97,13603.27,12829.65,,1050.19,479.56,218.62,14.58
2022/7/18,108172.07,8304.29,7424.75,,729.44,372.12,211.93,12.06
2022/7/19,174380.92,7835.56,6472.79,,559.15,365.55,72.59,6.83
2022/7/20,903165.49,6233.7,7557.13,,569.65,321.61,98.46,14.26
2022/7/21,881212.46,7302.62,7912.55,,588.27,338.2,83.45,9.58
2022/7/22,766043.91,6622.99,8884.16,,441.38,236.52,102.47,8.75
2022/7/23,752007.03,7525.73,8261.11,,545.55,260.77,100.35,5.78
2022/7/24,729266.19,7042.54,8277.13,,533.26,419.15,204.62,22.25
2022/7/25,820289.35,13402.13,11073.44,,632.84,418.89,241.94,11.49
2022/7/26,718941.19,24073.99,13988.89,,751.54,674.6,253,9.02
2022/7/27,644757.23,18563.19,11944.54,,819.32,510.07,240.66,9.59
2022/7/28,462917.54,15621.4,10982.73,,888.33,526.84,225.25,9.29
2022/7/29,482801.51,16520.41,12687.79,,1028.14,499,236.3,11.24
2022/7/30,321805.41,15190.63,10232.98,,841.82,471.22,222.18,18.35
2022/7/31,429055.3,21605.1,10100.6,,801.72,460.38,236.37,16.98
2022/8/1,492598.81,20399.64,7475.4,,721.8,211.07,256.06,9.25
2022/8/2,348587.42,13600.51,6338.53,,629.11,120.35,110.22,7.4
2022/8/3,397281.77,11267.99,7253.04,,544.41,134.79,123.65,67.23
2022/8/4,280276.36,9758.65,4446.32,,637.02,170.13,149.65,70
2022/8/5,264018.68,11900.76,5549.78,,624.01,180.59,159.54,28.44
2022/8/6,209888.88,11686.32,6462.27,,672.47,159.22,150.47,22.85
2022/8/7,212575.32,11638.36,5331.84,,667.67,151.66,149.05,21.36
2022/8/8,162339.79,11538.93,11124.64,,579.26,122.44,120.56,13.53
2022/8/9,319828.55,64016.59,22757.07,,1003.4,685.56,158.87,99.12
2022/8/10,361466.68,40137.87,16973.64,,765.22,378.82,199.46,60.14
2022/8/11,220896.12,21190.84,10834.14,,775.34,283.64,145.59,45.38
2022/8/12,220461.56,16824.6,9511.43,,777.48,292.1,107.37,30.21
2022/8/13,196628.28,14993.99,10503.96,,782.53,251.5,124.42,21.9
2022/8/14,178819.12,13730.75,7767.57,,745.78,327.14,186.63,15.07
2022/8/15,190210.31,11778.65,6203.75,,755.27,239.93,246.01,13.34
2022/8/16,114781.06,16474.16,10448.5,,851.2,430.63,284.93,15.32
2022/8/17,116782.88,14223.38,10112.18,,846.35,403.84,241.64,11.88
2022/8/18,104089.15,14190.37,8903.93,,828.54,388.05,205.4,13.55
2022/8/19,150250.4,14198.43,10397.9,,815.9,426.8,216.33,11.24
2022/8/20,119548.96,15141.52,10189.27,,751.9,389.13,210.23,12.14
2022/8/21,109937.47,15539.99,10786.82,,694.18,232.92,249.41,19.86
2022/8/22,127456.68,15704.07,12017.4,,679.83,273.11,248.27,12.48
2022/8/23,103317.95,17828.59,13192.24,,666.96,269.31,241.33,17.45
2022/8/24,288904.39,17097.86,10609.64,,613.15,248.97,236.58,10.91
2022/8/25,259221.85,16564.45,8430.9,,563.36,263.74,212.54,26.38
2022/8/26,229201.49,15601.94,8807.29,,495.92,212.8,191.52,20.17
2022/8/27,170946.05,13549.19,7282.31,,422.1,112.05,75.04,13.8
2022/8/28,171542.24,10824.66,5455.87,,437.42,220.58,65.12,17.86
2022/8/29,122341,8747.88,3673.43,,118.69,172.19,44.26,19.36
2022/8/30,97914.58,9257.12,4248.26,,93.88,198.84,49.46,9.73
2022/8/31,112012.88,15974.62,5940.82,,95.15,239.8,150.12,62.59
2022/9/1,205915.79,20089.57,6146.88,,77.61,324.06,124.21,25.43
2022/9/2,101450.71,16861.51,6526.86,,105.83,284.65,110.07,20.29
2022/9/3,79586.93,14299.86,6095.52,,120.71,257.68,97.85,18.98
2022/9/4,86607.46,15983.39,6916.09,,197.9,235.75,97.73,15.44
2022/9/5,72579.97,15419.3,24212.21,,1006.95,937.9,499.32,12.08
2022/9/6,75359.08,104638.97,47912.18,,1383.4,1546.67,640.8,110.88
2022/9/7,375726.98,94808.51,40374.28,,1533.05,1678.78,588.43,116.73
2022/9/8,307913.95,108230.45,34196.04,,1398.53,1308.89,559.5,110.48
2022/9/9,179540.9,100340.17,34089.43,,1409.05,1408.35,600.05,40.51
2022/9/10,118534.87,83653.54,32490.33,,1287.29,1221.82,648.96,51.01
2022/9/11,123169.42,74055.13,25879.97,,1082.53,1068.11,595.72,94.59
2022/9/12,140441.59,80936.06,24824.89,,1189.43,1001.45,571.06,62.28
2022/9/13,127048.84,70515.2,25188.1,,1268.35,1069.28,526.23,86.82
2022/9/14,166190.76,63542.74,27438.67,,1297.39,1070.8,584.01,49.35
2022/9/15,131214.85,26123.41,13269.07,,692.37,649.62,357.69,26.56
2022/9/16,87577.54,23365.3,14496.78,,394.88,491.76,218.1,9.01
2022/9/17,67119.66,22535.23,13257.13,,409.01,468.16,200.64,6.48
2022/9/18,92319.12,25038.55,12913.24,,441.57,632.43,119.81,20.35
2022/9/19,58034.29,30619.91,15084.91,,420.62,561.82,173.44,9.98
2022/9/20,75369.14,37108.64,16205,,497.05,447.14,196.09,34.33
2022/9/21,171493.66,29715.44,15067.82,,518.1,535.72,211.98,13.49
2022/9/22,194109.86,26809.11,15321.34,,416.46,527.18,198.64,17.37
2022/9/23,178829.7,27140.43,16266.79,,522.44,554.34,175.21,16.91
2022/9/24,140699.8,25682.34,14107.6,,509.61,438.18,214.09,16.77
2022/9/25,119515.73,21191.15,12939.87,,460.36,391.64,238.23,11.56
2022/9/26,106312.9,20620.62,11270.83,,383.78,368.01,175.96,13.4
2022/9/27,86406.03,24429.61,11388.1,,381.46,504.97,187.8,14.15
2022/9/28,272158.34,19459.9,10331.98,,386.44,487.92,240.1,23
2022/9/29,225776.79,16859.8,10741.54,,262.7,424.16,224.75,14.26
2022/9/30,255511.04,24851.55,12045.05,,279.53,502.41,217.73,19.51
2022/10/1,365954.8,30510.77,11786.92,,332.43,493.69,281.66,71.27
2022/10/2,221227.31,21940.3,11113.95,,212.38,474.16,227.13,78.52
2022/10/3,161705.79,31646.39,16127.66,,521.73,462.66,287.55,39.16
2022/10/4,112432.07,67846.77,28748.45,,726.33,883.04,378,87.71
2022/10/5,96551.26,41996.98,21000.48,,767.55,674.53,393.69,54.76
2022/10/6,75883.23,43368.91,22582.98,,637.97,583.73,347.82,48.59
2022/10/7,95183.57,47720.43,25343.73,,724.6,679.74,336.59,35.4
2022/10/8,69346.58,40293.33,24829.7,,802.98,709.72,355.75,31.18
2022/10/9,69571.42,38020.79,24238.76,,836.07,731.02,354.78,26.02
2022/10/10,76863.84,26836.29,15520.04,,803.03,583.17,252.46,64.32
2022/10/11,154200.86,19094.11,12464.25,,878.72,602.05,205.03,32.95
2022/10/12,447424.69,16821.68,12704.89,,852.91,566.11,182.06,30.77
2022/10/13,503364.94,16695.73,12523.96,,852.95,588.9,189.09,67.59
2022/10/14,453729.87,16806.18,12430.11,,990.98,709.41,133.74,53.72
2022/10/15,392420.71,15784.18,11933.07,,963.38,576.53,186.9,18.09
2022/10/16,339913.28,16638.14,11413.88,,840.27,499.35,198.69,99.7
2022/10/17,268626.53,19224.47,15317.58,,802.65,538.98,210.54,63.36
2022/10/18,208608.74,25664.71,16934.51,,899.29,611.89,202.71,65.62
2022/10/19,226419.13,20411.99,15689.99,,908.63,820.48,243.96,41.17
2022/10/20,162799.67,18524.53,14052.47,,838.65,726.55,243.72,19.39
2022/10/21,126225.68,19527.76,14909.43,,793.92,835.6,263.83,31.76
2022/10/22,115977.99,18090.51,13852.12,,806.74,764.68,265.86,22.78
2022/10/23,117180.83,17186.26,13009.38,,752.73,781.99,234.57,17.22
2022/10/24,104241.31,16049.7,14218.18,,531.09,817.09,189.3,23.64
2022/10/25,278188.29,19977.61,13697.21,,497.88,920.02,215.68,29.11
2022/10/26,1114496.07,16159.37,13050.65,,461.21,935.98,237.76,32.3
2022/10/27,659834.53,14401.11,11850.67,,480.48,963,235.71,24.23
2022/10/28,628998.48,16428.66,12784.16,,275.38,1115.82,284.22,15.98
2022/10/29,477266.58,14950.53,11638.9,,289.69,830.53,298.99,21.53
2022/10/30,414293.65,13783,8963.26,,188.68,700.21,266.35,25.35
2022/10/31,598871.13,17845.21,7626.55,,152.94,488.79,260.42,15.27
2022/11/1,465506.31,18479.68,7040.51,,124.25,367.98,125.8,16.26
2022/11/2,278255.18,14239.6,7928.75,,131.86,345.98,99.05,14.68
2022/11/3,182215.45,11970.21,6500.08,,112.22,301.34,84.5,72.32
2022/11/4,183641.84,10939.26,7777.38,,116.55,334.72,100.58,36.14
2022/11/5,163874.78,12148.97,6757.55,,170.79,385.06,83.34,82.82
2022/11/6,171304.05,11455.8,5648.45,,143.35,373.13,71.1,62.4
2022/11/7,138040.08,16430.52,12067.62,,364.9,457.43,69.13,16.79
2022/11/8,142632.36,34783.33,22808.04,,334.16,801.01,184.76,63.54
2022/11/9,192288.62,28233.83,21317.74,,485.31,811.33,198.97,85.46
2022/11/10,147721.49,30183.82,18621.02,,491.89,836.91,189.16,52.75
2022/11/11,129949.66,29762.53,21660.46,,581.55,1036.29,209.33,88.83
2022/11/12,92305.36,28335.29,19006.7,,551.17,864.68,208.87,50.75
2022/11/13,78338.32,26359.21,22005.43,,617.6,784.13,278.39,44.24
2022/11/14,62384.32,17707.44,16886.34,,378.02,531.02,246.59,15.65
2022/11/15,111374.81,16978.66,13041.23,,446.97,542.97,95.26,12.83
2022/11/16,351157.08,15512.07,10649.75,,477.12,509.27,98.93,9.75
2022/11/17,400665.09,14884.05,9425.55,,277.05,351.63,99.31,10.93
2022/11/18,380283.27,13939.68,10914.62,,441.08,358.69,111.34,6.44
2022/11/19,313004.11,15693.99,8497.66,,430.62,325.62,245.62,6.64
2022/11/20,297962.54,17886.06,9032.29,,446.37,221.37,240.82,13.4
2022/11/21,244408.52,23394.31,15455.86,,490.94,585.67,201.57,9.96
2022/11/22,106522.91,45583.71,17732.48,,696.24,983.94,189.23,60.33
2022/11/23,107900.42,28023.66,18712.75,,630.79,836,197.2,66.82
2022/11/24,76714.29,24074.75,17835.91,,658.73,617.86,246.91,26.35
2022/11/25,92891.85,34198.68,17425.86,,677.14,987.04,236.95,25.1
2022/11/26,80171.43,30684.06,15489.13,,726.42,711.21,244.54,17.5
2022/11/27,71025.97,24900.9,14542.97,,644.8,610.28,83.6,18.9
2022/11/28,77977.92,31120.54,15645.72,,603.79,628.2,223.93,16.06
2022/11/29,142448.74,56478.57,29250.4,,887.9,966.98,212.95,36.75
2022/11/30,244554.35,61424.81,29016.36,,1009.05,1307.54,221.27,74.5
2022/12/1,361330.79,72349.99,26191.67,,975.35,1249.1,299.99,122.55
2022/12/2,162591.03,49018.52,46573.13,,1056.8,1208.85,290.17,81.72
2022/12/3,152683.55,45833.02,33294.72,,921.59,970.45,304.64,30.18
2022/12/4,130429,43314,33779.62,,904.08,973.26,307.44,21.27
2022/12/5,107438.31,37297.86,21630.96,,793.94,934.98,258.72,18.21
2022/12/6,77851.98,22589.45,12171.67,,510.09,639.1,223.19,35.99
2022/12/7,132713.19,23601.11,10580.24,,247.25,626.31,91.92,84.55
2022/12/8,79516.95,21030.14,9851.5,,232.59,538.62,100.37,95.86
2022/12/9,95608.72,24082.4,12426.97,,420.54,636.79,104.24,44.51
2022/12/10,72347.09,25002.01,12113.69,,421.49,544.38,111.54,14.33
2022/12/11,63286.11,21711.18,10713.12,,348.38,555.75,112.76,17.62
2022/12/12,47212.03,24391.03,14175.32,,501.35,490.05,172.38,13.74
2022/12/13,138302.22,25309.88,14612.11,,205.72,849.4,280.79,8.93
2022/12/14,333929,19791.87,12422.33,,278.93,897.9,156.37,11.07
2022/12/15,324986.08,20893.83,12567.91,,495.18,581.57,112.54,17.54
2022/12/16,261429.53,19060.22,15134.42,,493.29,558.79,126.97,14.3
2022/12/17,236363.35,15686.18,11687.05,,453.56,507.11,110.31,12.69
2022/12/18,193803.08,15031.71,9184.99,,484.58,431.13,211.26,207.91
2022/12/19,162361.5,15861.58,18980.51,,435,433,226.24,68.58
2022/12/20,59501.84,34130.09,23535.69,,674.47,927.07,288.76,35.44
2022/12/21,53267.96,27182.13,20766.55,,632.32,841.36,332.41,16.99
2022/12/22,58394.29,23101.99,19633.86,,761.97,767.03,332.29,17.32
2022/12/23,74264.56,26955.65,19720.98,,825.45,902.52,371.55,16.94
2022/12/24,88815.87,27952.28,16796.8,,735.19,777.9,347.93,22.86
2022/12/25,60125.02,22212.97,17597.23,,774.9,662.67,312.83,25.17
2022/12/26,58251.65,16271.41,11220.87,,540.39,548.45,283.74,14.35
2022/12/27,146583.33,16065.47,10207.76,,603.7,453.53,152.87,31.84
2022/12/28,508422.13,15460.37,10050.69,,553.02,575.28,202.12,21.54
2022/12/29,512437.99,16995.69,11094.74,,577.01,557.73,203.13,19.81
2022/12/30,556819.01,17213.7,13417.06,,318.74,577.52,154.22,20.01
2022/12/31,1097161.36,27137.52,13675.35,,226.77,552.94,127,24.67
2023/1/1,693977.9,33529.57,14309.81,,279.06,597.33,154.7,109.85
2023/1/2,516997.1,30797.72,19931.3,,743.12,612.97,398.5,37.8
2023/1/3,174736.68,49166.43,27824.63,,946.49,1073.94,387.3,35.36
2023/1/4,164516.19,35042.51,22804.57,,916.44,994.92,403.06,16.83
2023/1/5,132826.16,30142.8,21295.4,,858.83,1042.22,443.81,55.23
2023/1/6,166287.68,31418.14,22393.11,,965.14,1051.6,427.37,65.97
2023/1/7,151597.27,31901.4,22898.07,,834.76,1015.18,470.74,25.85
2023/1/8,109976.76,25289.59,21165.55,,777.93,943.11,487.23,17
2023/1/9,150178.22,20337.39,13252.54,,607.59,903.43,300.05,27.29
2023/1/10,121872.9,20854.81,11625.11,,441.04,721.91,246.73,41.93
2023/1/11,312837.23,21875.26,11603.07,,457.23,716.77,249.66,31.73
2023/1/12,260842.26,19163.27,10098.9,,563.13,650.08,222.83,21.42
2023/1/13,238866.9,19991.47,14713.15,,573.12,846,101.94,15.27
2023/1/14,205192.87,18784.44,13150.5,,585.66,625.61,105.75,10.85
2023/1/15,172287.86,18078.38,11528.65,,497.53,651.6,161.12,12.26
2023/1/16,179394.26,27556.15,24554.71,,832.7,991.51,336.15,18.52
2023/1/17,81531.58,60225.25,41967.54,,744.99,1706.18,358.11,407.57
2023/1/18,72599.62,47070.98,36095.71,,961.28,1543.11,435.46,157.21
2023/1/19,64866.78,41345.49,27523.18,,1006.49,1179.34,447.66,76.79
2023/1/20,81294.52,46805.54,29655.95,,1079.26,1324.8,516.55,63.49
2023/1/21,134938.48,49365.88,27287.62,,1068.28,1252.07,561.74,32.94
2023/1/22,343833.05,48211.04,27500.8,,1107.01,1108.86,551.62,37.32
2023/1/23,777423.21,30766.84,15829.5,,742.44,717.74,338.17,13.74
2023/1/24,1599438.84,32447.81,15130.16,,512.89,574.3,263.08,11.13
2023/1/25,2554374.09,26683.85,14446.2,,527.63,680.92,228.95,9.13
2023/1/26,1844253.84,30568.35,14856.74,,500.52,569.82,354.09,43
2023/1/27,1562150.47,26910.8,20291.88,,692.22,750.57,333.34,17.55
2023/1/28,1669671.82,28445.5,25725.64,,645.57,669.43,324.35,13.82
2023/1/29,1327883.97,29088.1,19476.2,,768.27,781.75,309.28,14.65
2023/1/30,1247409.05,100893.37,51759.28,,2141.85,3052.74,790.9,27.15
2023/1/31,1360903.33,259505.02,93143.51,,3319.44,5740.72,1341,410.68
2023/2/1,1480023.35,349800.5,88899.87,,3554.11,5656.86,1775.12,247.28
2023/2/2,644974.35,235271.94,82041.33,,3177.96,4913.8,1514.95,257.81
2023/2/3,605867.17,223145.24,92170.32,,3383.11,5306.42,1798.73,133.93
2023/2/4,555216.33,245914.7,101050.55,,3558.35,5019.81,1834.57,159.68
2023/2/5,263771.1,238645.83,97204.61,,3197.63,4957.14,1942.07,104.04
2023/2/6,188134.38,106653.84,49584.67,,2212.45,3500.46,1300.3,45.39
2023/2/7,190965.88,92771.5,42201.2,,1633.82,2018.79,899.88,27.34
2023/2/8,231098.36,72281.99,35701.15,,1378.13,1881.08,728.58,22.64
2023/2/9,410740.63,71605.15,35886.88,,1179.6,1822.27,619.86,22.31
2023/2/10,786490.79,65702.69,31012.59,,1191.98,1866.77,558.68,39.82
2023/2/11,786540.6,63185.92,30381.42,,1065.78,1302.25,454.96,68.22
2023/2/12,601987.47,68863.87,33462.45,,968.34,1338.1,473.69,68.56
2023/2/13,518247.29,90959.48,36568.26,,1097.85,1290.19,480.95,86.3
2023/2/14,438906.75,110209.21,46255.34,,1469.67,2572.87,696.81,101.59
2023/2/15,399300.71,89562.32,45064.68,,1285.82,2766.36,754.62,95.97
2023/2/16,214473.2,72009.07,40949.34,,1351.49,1834.97,676.45,47.27
2023/2/17,181924.97,61362.29,45216.3,,1581.61,1759.35,859.07,25.54
2023/2/18,236625.76,51016.19,40924.19,,1366.15,1747.34,800.97,33.65
2023/2/19,239295.96,46104.18,36796.03,,1127.16,1449.72,659.11,21.49
2023/2/20,247624.1,36321.36,37094.19,,787.73,1325.72,493.66,35.56
2023/2/21,500116.11,35710.56,31954.82,,593.31,1244.43,577.26,51.2
2023/2/22,957580.05,30692.62,31088.41,,575.64,932.43,500.42,79.05
2023/2/23,1265347.6,30456.36,28315.99,,554.68,900.55,447.45,146.34
2023/2/24,1028736.97,34221.54,26067.67,,619.86,1013.54,311.66,42.72
2023/2/25,751835.48,35283.45,22473.54,,708.22,812.35,408.84,40.48
2023/2/26,622447.19,36743.95,21301.61,,703.71,729.92,469.26,29.34
2023/2/27,468338.54,33061.98,27490.2,,744.77,801.18,282.42,50.65
2023/2/28,501801.29,113835.84,38076.14,,1343.72,2252.44,468.9,138.04
2023/3/1,705211.3,144370.27,30594.57,,1357.03,1553.87,458.62,118.36
2023/3/2,390413.48,81175.81,26294.51,,1233.34,1259.5,578.62,139.12
2023/3/3,397120.65,76444.72,26923.13,,1283.25,1196.06,666.08,146.32
2023/3/4,353351.64,71015.86,37113.63,,1350.31,1432.2,558.41,112.08
2023/3/5,289171.71,66985.55,35342.38,,1111.97,1369.1,534.16,51.17
2023/3/6,296435.13,41760.43,19495.61,,936.31,746.96,404.59,22.8
2023/3/7,399659.58,31855.63,18580.95,,704.17,720.89,339.28,29.05
2023/3/8,475379.76,29620.62,14939.2,,615.36,659.06,262.55,46.12
2023/3/9,332230.15,27701.72,13860.34,,613.13,562.34,255.25,31.05
2023/3/10,291870.47,31652.93,23643.14,,662.83,709.31,282.22,19.56
2023/3/11,227803.75,25198.22,25751.76,,553.01,621.43,286.97,15.03
2023/3/12,204058.77,26558.23,20251.36,,629.64,603.63,190.59,21.53
2023/3/13,145260.6,31226.03,22735.02,,628.1,592.22,349.29,37.17
2023/3/14,114794.9,69558.81,31909.58,,861.78,1285.7,467.59,152.29
2023/3/15,102845.85,32731.53,27037.09,,814.55,1252.49,355.74,139.15
2023/3/16,91953.51,33643.24,26629.46,,673.87,880.88,353.49,32.65
2023/3/17,103060.24,47927.06,31670.77,,1104.41,1095.05,529.28,23.62
2023/3/18,99290.12,46070.92,27362.61,,990.43,956.54,544.74,23.03
2023/3/19,80923.51,39849.26,29835.02,,908.15,946.09,587.37,45.23
2023/3/20,94992.99,39721.15,28840.7,,687.06,876.78,405.54,14.63
2023/3/21,235943.56,64536.96,33635.32,,600.96,1486.83,457.02,20.84
2023/3/22,556786.25,40379.68,27530.82,,624.21,1163.05,426.96,96.11
2023/3/23,730291.12,36216.77,25290.05,,693.26,973.31,370.99,42.73
2023/3/24,1174700.37,33786.61,24644.77,,668.99,1031.2,425.56,14.31
2023/3/25,787931.03,29933.01,23172,,757.16,900.59,412.03,10.16
2023/3/26,610821.68,27534.64,19923.85,,700.5,822.61,385.5,9.45
2023/3/27,488252.49,30188.5,25879.13,,543.44,823.13,387.84,8.22
2023/3/28,361540.58,43040.12,39886.91,,863.56,1579.56,571.22,7.81
2023/3/29,226617.29,38957.49,36812.53,,877.89,1692.71,629.58,60.78
2023/3/30,214561.05,34095.75,36951.67,,883.75,1381.27,460.24,32.41
2023/3/31,338558.63,48288.18,45686.03,,1095.35,1892.82,537.98,34.41
2023/4/1,450160.64,59445.53,42183.13,,1132.86,1362.81,605.62,112.45
2023/4/2,249924.19,43215.84,38730.02,,1169.13,1061.7,494.75,28.38
2023/4/3,198625.77,26574.36,23865.52,,789.4,703.56,286.88,13.87
2023/4/4,194500.44,24669.56,22532.83,,668.82,894.27,301.44,52.4
2023/4/5,234544.3,25834.68,22301.07,,690.97,958.55,412.7,60.2
2023/4/6,173502.87,18974.09,20847.91,,775.25,759.4,365.06,14.77
2023/4/7,149491.93,19184.37,24949.71,,690.05,861.45,391.36,17.24
2023/4/8,124339.61,19456.37,25373.09,,565.81,606.55,211.46,54.95
2023/4/9,104706.93,18639.02,21457.67,,519.51,704.16,208.31,15.95
2023/4/10,137599.75,38002.56,35211.95,,847.4,981.35,538.14,33.69
2023/4/11,143074.12,75654.25,65812.19,,1296.78,3080.03,688.44,37.15
2023/4/12,615618.53,57739.38,65918.58,,1369.99,2549.1,623.39,79.31
2023/4/13,503117.35,51057.26,66150.36,,1430.52,1800.21,480.08,52.67
2023/4/14,362836.14,47843.32,72178.63,,1652,1846.29,568.41,18.36
2023/4/15,351347.93,55610.83,60915.12,,1679.48,1648.02,665.79,95.13
2023/4/16,285194.21,51927.81,60176.83,,1730.27,1963.65,914.02,78.95
2023/4/17,262581.59,48833.12,53701.71,,1455.62,1619.58,652.01,75.18
2023/4/18,224776.48,56294.72,50456.38,,1742.89,1974.72,739.94,74.3
2023/4/19,210709.14,47338.69,49044.35,,1467.17,1883.37,657.5,47.67
2023/4/20,139172.15,27824.1,48472.35,,840.06,1601.59,525.64,46.68
2023/4/21,117950.42,27253.51,27626.3,,866.55,1436.01,407.58,23.64
2023/4/22,118547.52,24546.55,26085.13,,579.25,1304.95,435.08,16.33
2023/4/23,112009.32,22827.85,22334.41,,475.92,1010.38,452.63,15.01
2023/4/24,78139.35,32757.7,34537.9,,818.08,936.51,373,15.39
2023/4/25,313534.76,146880.21,75024.19,,1324.92,3488.05,794.52,286.72
2023/4/26,547942.62,105479.43,54533.28,,1223.28,2598.81,652.09,143.5
2023/4/27,684526.72,72485.69,50216.7,,1270.39,1951.19,615.23,115.61
2023/4/28,549238.14,62769.59,49911.05,,1344.23,2070.48,585.12,34.04
2023/4/29,502023.06,62220.92,45338.7,,1317.14,1648.1,618.31,20.1
2023/4/30,675203.15,67704.68,42306.38,,1148.07,1473.36,546.43,20.52
2023/5/1,785548.53,53854.55,28402.8,,726.96,1418.79,607,29.78
2023/5/2,336024.95,32926.62,21657.44,,614.5,1371.65,311.75,16.75
2023/5/3,219635.53,26174.5,19235.17,,573.37,774.85,307.79,20.49
2023/5/4,229535.52,27613.88,21427.15,,566.24,813.38,258.49,14.23
2023/5/5,225988.4,29402.2,21390.41,,562.88,1011.93,415.69,130.22
2023/5/6,204009.95,23743.24,17746.14,,529.22,896.85,380.22,42.92
2023/5/7,199845.64,24735.29,19255.88,,448.47,857.86,369.15,19.4
2023/5/8,183467.21,21152.12,14673.96,,426.63,796.2,308.98,26.35
2023/5/9,210172.58,23968.32,15675.5,,575.53,761.82,275.24,35.89
2023/5/10,529788.69,21892.02,13648.25,,575.58,720.08,175.21,19.81
2023/5/11,503090.31,18514.59,14572.19,,416.98,590.53,152.74,16.4
2023/5/12,336169.1,18652.6,15085.54,,343.51,587.45,157.43,17.09
2023/5/13,295762.3,16443.23,18999.89,,392.25,528.27,123.08,15.11
2023/5/14,290267.45,15233.8,13774.52,,342.82,569.55,119.47,15.75
2023/5/15,297997.11,30756.09,32699.69,,705.01,778.04,316.77,11.52
2023/5/16,299607.72,80600.05,43690.53,,1293.81,1765.7,451.8,22.27
2023/5/17,631681.83,59670.28,34558.53,,828.04,1258.84,355.41,27.1
2023/5/18,531531.64,46017.92,25693.55,,853.05,1018.12,361.74,55.78
2023/5/19,544435.5,42866.68,24913.61,,849.72,1413.37,387.53,49.44
2023/5/20,416446.36,47533.03,31193.1,,839.05,997.82,332.24,34.48
2023/5/21,387224.05,34932.36,28095.99,,812.76,784.88,343.37,23.84
2023/5/22,321886.61,19952.02,15577.13,,436.25,534.82,269.32,16.61
2023/5/23,327105.76,22807.19,12961.27,,458.39,559.84,234.8,4.99
2023/5/24,442026.36,23611.11,11295.16,,437.25,493.19,216.82,3.34
2023/5/25,402596.33,20126.24,10411.4,,305.14,514.88,203.67,8.28
2023/5/26,337968.23,17706.24,11506.96,,419.53,691.66,213.11,11.31
2023/5/27,318263.95,20903.16,10455.32,,359.42,483.91,262.67,5.99
2023/5/28,244943.71,23034.89,12465.46,,616.7,470.53,271.16,5.7
2023/5/29,205208.67,24035.64,13371.63,,590.52,589.3,282.84,6.61
2023/5/30,99712.79,22237.24,16994.32,,672.02,769.98,418.85,33.64
2023/5/31,180739.95,32068.99,18725.43,,754.4,977.31,402.04,58.25
2023/6/1,237251.96,34430.54,27149.22,,848.73,959.45,381.36,23.89
2023/6/2,141066.5,26023.12,24513.52,,732.85,972.59,399.01,16.18
2023/6/3,110728.16,24685.47,21549.96,,664.62,673.69,339.03,14.27
2023/6/4,96015.98,17217.34,17641.34,,620.51,713.01,301.21,26.25
2023/6/5,72996.24,20237.27,16787.11,,508.67,613.86,229.42,32.33
2023/6/6,83937.56,19221.98,12100.61,,469.35,605.37,99.13,17.06
2023/6/7,129934.69,16279.02,10113.96,,437.29,653.63,81.34,17.56
2023/6/8,131209.34,15920.67,9890.1,,447.67,471.17,67.44,19.47
2023/6/9,104739.68,17887.25,10120.87,,336.58,621.3,92.91,21.52
2023/6/10,99155.26,15301.25,9259.39,,542.73,410.11,114.72,16.37
2023/6/11,84744.95,13087.89,8636.91,,281.09,363.05,87.6,9.6
2023/6/12,71607.22,13289.6,10087.32,,469.97,342.96,63.22,35.34
2023/6/13,65400.12,21863.85,14896.61,,473.99,476.62,122.7,39.12
2023/6/14,84125.21,18867.42,14741.5,,368.61,509.14,152.35,21.88
2023/6/15,77901.36,18117.84,12618.11,,492.2,436.08,134.44,15.98
2023/6/16,74547.33,18591.93,16557.75,,512.48,545.81,96.48,12.21
2023/6/17,82053.05,19214.17,18005.4,,470.65,526.69,85.88,9.16
2023/6/18,76970.76,14283.75,14515.94,,200.66,503.34,137.86,11.97
2023/6/19,75167.94,11174.24,8772.2,,106.14,405.42,62.19,6.32
2023/6/20,80697.31,14089.7,6353.15,,177.16,371.29,60.94,5.75
2023/6/21,255517.92,13806.99,6153.16,,168.88,351.94,46.15,5.29
2023/6/22,214156.14,12688.34,8467.03,,142.93,336.9,45.3,7.01
2023/6/23,649430.75,14423.18,11713.34,,204.8,378.58,74.88,9.24
2023/6/24,446794.29,14110.24,8676.61,,183.9,347.47,66.04,6.43
2023/6/25,287517.91,10954.3,7843.86,,239.53,368.14,101.78,106.27
2023/6/26,209740.8,12257.9,18301.55,,220.39,324.59,54.02,56.15
2023/6/27,206497.45,77334.99,56971.32,,1579.65,2490.58,634.49,123.96
2023/6/28,176111.25,80092.56,57471.87,,2010.62,2343.14,679.1,175.43
2023/6/29,145807.34,49510.83,41611.05,,2081.78,2388.83,669.17,92.54
2023/6/30,225697.97,53015.79,42704.51,,2447.54,3053.15,774.55,49.59
2023/7/1,307405.76,64784.22,43510.89,,2552.67,2225.16,847.96,18.78
2023/7/2,150484.62,51251.02,36673.99,,1993.75,1986.41,648.51,23.62
2023/7/3,116658.01,27736.51,27061.79,,897.32,974.54,339.23,15.04
2023/7/4,103014.04,29486.36,24469.01,,948.04,1073.62,423.93,16.38
2023/7/5,254879.08,28762.8,18072.24,,648.99,837.17,283.46,11.18
2023/7/6,240857.57,24096.72,15830.83,,500.47,697.69,186.23,47.98
2023/7/7,226920.45,23298.64,19307.64,,477.99,670.86,83,67.24
2023/7/8,187431.85,21891.89,18852.06,,440.45,681.16,84.34,25.2
2023/7/9,162606.24,21236.8,16751.86,,479.21,539.61,94.57,15.58
2023/7/10,170876.07,26397.47,21499.55,,455.71,597.96,244.76,14.39
2023/7/11,142591.85,27055.74,24726.42,,562.6,1051.05,248.88,11.05
2023/7/12,120643.91,23757.32,23937.62,,595.4,843.32,246.73,17.2
2023/7/13,106662.65,27300.41,20136.91,,618.05,752.18,309.03,19.14
2023/7/14,88644.27,25972.8,21684.41,,595.39,883.92,356.49,25.71
2023/7/15,108098.24,23963.69,16471.58,,601.83,745.83,301.9,32.83
2023/7/16,100344.73,20539.84,16183.42,,567.62,689.41,342.99,24.23
2023/7/17,498788.29,14986.28,12011.95,,303.88,419.2,113.2,8.83
2023/7/18,502515.99,19557.91,14172.17,,323.42,532.72,115.12,6.95
2023/7/19,315290.07,18744.6,12897.49,,370.13,430.46,94.71,9.86
2023/7/20,287933.84,17185.94,13663.73,,278.32,419.8,79.58,27.22
2023/7/21,338042.22,22061.46,14270.54,,276.14,442.28,75.66,14.37
2023/7/22,311431.77,19401.85,13668.26,,328.91,549.25,81.03,30.6
2023/7/23,590362.49,18681.55,14426.06,,580.19,524.26,118.52,26.26
2023/7/24,1546263.29,23134.66,30643.35,,486.25,1467.97,172.53,15.71
2023/7/25,1791080.34,189551.22,116908.21,,2748.87,6422.03,1476.11,187.39
2023/7/26,1289418.26,196987.84,111400.33,,2606.86,5773.47,1988.69,134.41
2023/7/27,872906.9,141019.07,102452.66,,3307.83,4698.11,1914.42,182.41
2023/7/28,807456.14,126548.47,87200.86,,3698.74,4670.36,2283.38,183.98
2023/7/29,596967.11,131247.75,76494.79,,3350.67,3523.41,2149.62,137.35
2023/7/30,383900.24,109387.39,71587.25,,3150.28,3680.31,2391.55,103.72
2023/7/31,532889.99,158345.74,72245.6,,3632.16,3668.12,2262.01,82.89
2023/8/1,1029755.4,113634.23,51539.34,,2060.93,1827.03,1449.15,100.63
2023/8/2,2028533.28,69188.16,42494.42,25709.95,1996.31,1973.25,1294.77,71.3
2023/8/3,1923191.43,44464.72,39926,231299.15,1319.5,1665.06,674.01,33.71
2023/8/4,1215375.48,37230.95,35777.62,258260.86,1101.55,1083.39,605.47,195.12
2023/8/5,1097804.45,32138.96,28597.69,191724.72,897.38,1119.05,457.57,72.7
2023/8/6,872818.11,25495.72,23990.63,126620.33,758.64,785.47,417.81,18.11
2023/8/7,792878.46,18932.86,18989.85,104112.75,572.79,541.52,281.54,8.43
2023/8/8,1157504.05,18205.42,19976.24,73906.3,563.1,560.17,166.59,22.72
2023/8/9,1086259.42,17704.21,18185.26,90675.15,617.97,540.54,244.74,50.82
2023/8/10,495379.98,31401.49,26027.56,106835.62,663.25,713.77,315.14,19.69
2023/8/11,439511.63,45270.96,39466.25,76620.8,873.78,1224.35,368.83,115.88
2023/8/12,320244.12,33929.97,26287.19,55066.23,823.39,902.82,441.38,40.82
2023/8/13,304705.55,30926.79,23209.29,38727.34,915.35,1762.75,361.65,35.31
2023/8/14,144415.13,28466.91,21943.7,28206.89,845.01,985.92,318.24,14.58
2023/8/15,172879.44,34154.74,20906.3,26385.6,796.23,910.41,356.79,15.1
2023/8/16,469975.81,27089.78,18074.94,29486.48,687.46,642.61,322.61,12.91
2023/8/17,514368.96,21297.21,17469.51,67794.13,617.36,565.25,248.5,22.11
2023/8/18,516088.02,25617.69,17130.96,47272.45,511.83,575.01,212.18,23.89
2023/8/19,421578.36,22253.75,15968.3,30682.03,549.17,653.37,119.69,17.57
2023/8/20,346540.13,17844.77,15738.12,26835.62,472.33,696.92,130.65,11.28
2023/8/21,343624.94,24558.8,52319.76,23422.37,565.31,1061.44,450.78,14.85
2023/8/22,388464.9,137445.4,76726.88,21110.29,1667.8,2228.87,736.8,110.81
2023/8/23,388302.64,90979.88,60803.01,21379.45,1321.54,2246.69,723.56,68.04
2023/8/24,349144.61,60209.31,42132.79,18837.96,1179.08,1702.57,572.87,23.74
2023/8/25,254022.56,61656.25,43758.6,25483.75,1257.87,1571.96,603.78,15.57
2023/8/26,234181.47,68473.17,39875.9,15319.65,1274.27,1267.54,711.72,12.87
2023/8/27,171972.47,60920.73,32960.62,17488.33,1308.67,1198.62,704.14,12.76
2023/8/28,155332.72,39523.64,26909.44,15298.71,1270.52,1078.82,525.66,14.47
2023/8/29,139242.97,38263.31,21532.05,17009.3,1140.04,722.06,493.18,30.86
2023/8/30,62901.29,33106.88,22241.42,20933.83,1103.04,702.76,463.56,27.87
2023/8/31,145717.23,36431.43,27344.66,48298.3,1053.74,1058.45,503.72,22.69
2023/9/1,227447.32,42682.01,34628.28,55642.85,1170.42,1055.42,495.55,38.45
2023/9/2,153980.25,37643.57,23262.36,43296.16,941.46,863.93,462.01,21.83
2023/9/3,121140.43,32060.93,20251.75,31805.39,1077.98,854.3,459.14,68.37
2023/9/4,96945.84,28713.38,21372.57,28346.12,938.6,961.4,454.15,51.9
2023/9/5,95858.55,31090.54,22489.92,18353.18,1038.28,764.38,419.75,25.19
2023/9/6,202274.2,28510.21,21339.78,23546.48,851.13,626.52,420,25.66
2023/9/7,208059.27,22826.63,18461.73,20526.34,944.58,681.41,341.08,22.73
2023/9/8,206839.75,23325.21,17118.32,19701.62,852.88,596.97,376,14
2023/9/9,166319.87,22584.78,17343.51,16856.39,626.38,549.48,366.87,12.48
2023/9/10,124718.2,16819.16,12865.66,17489.51,599.7,513.88,311.34,16.55
2023/9/11,147025.86,16147.51,12336.64,14078.88,448.32,416.01,252.36,24.13
2023/9/12,97067.45,18245.62,8692.68,11073.05,227.83,411.42,103.09,12.16
2023/9/13,71872.31,17690.14,8250.64,13265.14,227.49,278.6,79.33,23.6
2023/9/14,96096.95,12793.09,8002.04,57787.7,257.67,264.2,61.59,17.25
2023/9/15,543578.9,15520.15,8059.6,49383.5,253.08,710.21,79.21,14.85
2023/9/16,665694.15,17045.58,8438.17,29715.43,222.11,375.45,53.41,12.71
2023/9/17,408304.86,13488.17,8434.39,18417.14,242.45,525.69,75.8,15.41
2023/9/18,355629.75,12565.36,8622.62,14871.77,181.13,469.85,69.99,8.92
2023/9/19,244587.3,13419.04,9133.32,12541.66,650.96,669.09,118.33,15.07
2023/9/20,246095.25,12019.59,8272.47,16390.03,947.88,539.52,234.44,22.55
2023/9/21,204687.73,11736.2,9136.02,6149.25,591.16,506.56,224.49,13.76
2023/9/22,152592.38,13430.96,10381.58,4373.77,429.57,617.29,291.89,10
2023/9/23,133721.94,13985.67,11157.36,3312.97,361.86,493.26,302.34,13.62
2023/9/24,129278.57,11706.99,9017.4,4754.31,379.18,555.88,284.74,12.02
2023/9/25,141575.2,12996.24,14543.46,4784.35,1078.34,577.9,297.31,21.43
2023/9/26,138978.71,67087.86,38969.58,5998.44,1365.59,1626.08,324.41,80.04
2023/9/27,331595.89,58673.13,38113.99,8796.81,1445.2,1946.33,447.98,69.05
2023/9/28,389390.15,60749.72,33421.49,40442.27,1461.49,1482.67,437.67,43.93
2023/9/29,308781.82,45894.81,39050.49,49286.17,1882.01,1654.05,487.98,37.1
2023/9/30,459796.7,57938.96,36679.16,33719.81,1746.69,1490.63,476.62,40.78
2023/10/1,502178.66,61863.19,34954.23,25561.1,1959.92,1488.14,571.17,35.61
2023/10/2,313735.33,42626.74,27809.49,21292.79,1718.82,1550.19,454.71,91.71
2023/10/3,152096.27,31303.63,18372.71,17330.58,995.78,1039.76,359.6,20.37
2023/10/4,108335.25,21666.77,16265.26,19413.3,732.99,1069.2,292.23,53.29
2023/10/5,103323.4,22094.05,17466.54,14975.89,703.15,830.55,322.56,74.55
2023/10/6,103971.29,22149.73,17181.87,5579.83,677.14,767.46,364.24,24.49
2023/10/7,102947.49,22040.83,15364.89,5233.62,638.02,596.44,345.41,16.28
2023/10/8,83098.62,21441.1,14469.37,6063.43,713.79,526.26,325.75,14.65
2023/10/9,87773.67,24711.02,14924.54,5299.41,667.45,508.41,339.94,33.26
2023/10/10,108957.01,24787.8,12251.05,6398.76,738.49,451.99,358.9,26.07
2023/10/11,176808.43,17895.72,11760.82,7564.58,525.08,473.29,378.24,19.62
2023/10/12,173802.5,15529.7,10567.73,37140.33,305.04,449.1,313.68,19.43
2023/10/13,160369.51,14862.97,10329.65,34424.77,338.6,546.83,253.33,26.53
2023/10/14,124166.47,14766.02,9069.18,24016.6,258.02,513.04,277.12,14.91
2023/10/15,95771.6,12513.3,7218.05,18657.25,134.71,408.67,122.37,10.78
2023/10/16,110465.55,10452.68,6764.38,13039.48,143.09,448.49,76.8,30.38
2023/10/17,92178.77,13637.56,9934.74,5967.78,368.32,426.32,61.36,28.33
2023/10/18,64891.41,13786.85,8327.34,6055.29,421.61,455.02,67.05,29.91
2023/10/19,59413.41,12647.58,8202.13,4164.16,210.59,357.14,55.01,13.65
2023/10/20,75529.1,13519.34,9226.37,4532.01,333.07,341.53,111.16,22.32
2023/10/21,81635.14,13042.64,8520.45,3299.47,388.79,391.37,81.14,20.86
2023/10/22,70092.06,14683.84,9148.13,2294.72,524.46,537.86,77.2,14.94
2023/10/23,117107.34,15285.9,13793.59,4162.9,444.15,491.6,81.67,31.59
2023/10/24,1140414.85,26822.7,18549.22,5126.76,615.78,675.2,181.24,30.48
2023/10/25,1634851.79,28414.75,17550.51,16574.59,633.67,736.07,197.92,119.98
2023/10/26,707987.88,23818.99,19374.74,91467.9,799.04,760.67,301.79,51.7
2023/10/27,612750.87,20752.54,19820.88,93519.36,950.35,830.21,314.3,22.5
2023/10/28,515085.8,23525.19,18843.28,53828.41,934.07,738.97,363.51,18.44
2023/10/29,379786.75,19555.82,18150.4,30868.2,946.98,706.16,416.94,25.61
2023/10/30,284941.77,18393.94,23769.27,23046.5,949.87,579.53,347.07,13.64
2023/10/31,320882.65,105773.83,55889.89,20436.7,2969.94,2788.29,623.41,204.6
2023/11/1,353808.52,118822.42,61549.27,26141.25,2840.51,3091.78,878.54,155.8
2023/11/2,193421.43,59221.05,48792.6,19502.37,2272.06,2395.78,795.21,85.36
2023/11/3,245893.48,52593.48,48540.72,18899.52,2431.58,2243.51,780.85,71.59
2023/11/4,190518.05,49268.69,46199.59,7388.48,2334.99,1927.16,747.92,83.69
2023/11/5,186581,46063.18,43126.24,7175.02,1944.71,1861.42,688.04,25.92
2023/11/6,150033.05,30703.89,23476.35,5558.6,1128.85,1624.04,480.63,124.44
2023/11/7,204761.47,24557.57,17644.73,7071.05,833.19,704.14,319.09,70.83
2023/11/8,274844.05,21140.7,16954.58,12958.25,850.59,777.17,254.04,28.36
2023/11/9,217221.88,18752.22,14833.91,23150.47,734.98,587.36,254.85,14.02
2023/11/10,188691.52,23815.53,16880.42,20011.56,726.33,750.81,241.85,20.46
2023/11/11,148670.11,17910.16,15519.74,6618.16,775.82,628.17,177.89,47.82
2023/11/12,130172.73,17176.49,14380.66,5069.1,765.02,561.67,305.98,33.02
2023/11/13,95984.17,17562.64,16078.94,4003.71,661.92,650.78,277.76,33.33
2023/11/14,85658.49,31090.32,20614.21,4348.59,887.19,782.23,311.06,58.35
2023/11/15,111244.32,24645.49,16681.1,6522.4,793.25,960.4,265.35,55.61
2023/11/16,87371.15,19493.38,15415.86,3690.64,687.92,703.47,275,25.81
2023/11/17,82878.08,19590.5,16811.03,3997.56,766.09,767.71,268.97,22.3
2023/11/18,86980.33,20086.98,15637.5,1848.2,751.39,784.94,270.71,17.79
2023/11/19,84388.49,17079.3,13824.97,1739.99,676.67,651.7,328.07,15.3
2023/11/20,77627.17,20874.3,19854.47,2397.3,570.28,611.09,184.17,10.86
2023/11/21,113767.86,35451.19,23971.21,3417.53,629.13,846.46,298.94,32.15
2023/11/22,386172.62,29139.21,20932.31,4905.16,740.62,835.62,254.68,34.95
2023/11/23,392655.36,24676.65,18683.38,18447.16,727.11,901.46,358.45,157.49
2023/11/24,342489.21,29179.66,19415.47,14964.14,883.63,868.69,415.42,75.28
2023/11/25,270110.63,27782.66,18201.24,9184.48,826.48,735.57,361.13,25.79
2023/11/26,209688.71,22060.22,17932.14,5035.01,899.16,737.16,357.99,28.61
2023/11/27,200109.34,22618.37,19273.71,3997.38,898.66,763.89,354.91,17.29
2023/11/28,210490.11,30856.54,23347.31,5540.78,831.43,715,293.18,97.44
2023/11/29,146760.2,22587.35,19231.01,6761.57,865.03,733.66,349.62,59.59
2023/11/30,185542.37,24596.6,20656.27,12469.61,944.87,769.91,342.56,25.06
2023/12/1,341207.89,31850.33,22153.52,12244.42,978.69,940.86,452.99,33.21
2023/12/2,142327.68,18367.37,20457.69,7450.44,840.51,733.79,408.58,81.75
2023/12/3,115879.19,17385.19,18100.79,5530.13,849.13,718.22,383.19,30.29
2023/12/4,95046,14740.49,14323.98,4694.97,789.68,765.33,346.91,24.73
2023/12/5,91340.72,14360.26,15933.67,3876.66,681.09,812.96,291.54,35.15
2023/12/6,211149.34,12863.67,14529.13,4444.92,756.7,712.16,317.91,56.33
